"mac_Id","ts","Acc_Angle","Acceleration_y","Acceleration_Z","Aceeleration_x","Device_ID","Gyro_x","Gyro_y","Gyro_z","time","Velocity"
"2c:3a:e8:03:e2:03","1661180511694","89.85195923","0.023942016","9.44512558","0.004788403","ESP8266_1","'-29.93895149","'-0.656489074","'-4.488553524","18240","944.515686"
"2c:3a:e8:03:e2:03","1661180511903","89.44658661","'-0.004788403","9.430760384","'-0.090979666","ESP8266_1","'-29.81682014","'-0.503817201","'-4.793897152","18450","27362.05859"
"2c:3a:e8:03:e2:03","1661180512072","89.61873627","0.052672438","9.380482674","0.033518825","ESP8266_1","'-29.48094177","'-0.763359308","'-4.122140884","18613","52802.66016"
"2c:3a:e8:03:e2:03","1661180512242","89.6672821","0.01436521","9.399636269","'-0.052672438","ESP8266_1","'-29.70994568","'-0.870229721","'-4.366415977","18786","78230.46875"
"2c:3a:e8:03:e2:03","1661180512410","89.32164764","0.110133275","9.440337181","'-0.019153614","ESP8266_1","'-29.4351368","'-0.503817201","'-3.877865791","18954","103668.9531"
"2c:3a:e8:03:e2:03","1661180512587","89.39332581","0.069431849","9.43315506","'-0.071826048","ESP8266_1","'-30.04582596","'-0.931298435","'-4.656492233","19125","129156.8828"
"2c:3a:e8:03:e2:03","1661180512754","88.89230347","0.067037649","9.449913979","'-0.169988319","ESP8266_1","'-30.25956726","'-1.129771948","'-4.73282814","19293","154621.1406"
"2c:3a:e8:03:e2:03","1661180512921","85.61071777","0.51954174","9.375694275","0.497993946","ESP8266_1","'-32.77864838","1.099237442","'-15.67940235","19467","179998.7969"
"2c:3a:e8:03:e2:03","1661180513112","85.78495789","'-0.330399841","9.476250648","0.615309834","ESP8266_1","'-38.10689926","'-0.244275004","5.496187687","19635","205482.1406"
"2c:3a:e8:03:e2:03","1661180513262","85.05168915","'-0.217872351","9.519346237","'-0.794874966","ESP8266_1","'-39.64888382","3.694659233","0.916031241","19807","231393.7031"
"2c:3a:e8:03:e2:03","1661180513431","84.08990479","'-0.888248801","9.272743225","'-0.363918662","ESP8266_1","'-40.27484512","'-1.190840602","'-8.717563629","19975","256440"
"2c:3a:e8:03:e2:03","1661180513613","67.44416046","'-2.257732153","9.868899345","3.42131424","ESP8266_1","'-23.41986656","'-22.10688782","'-9.786267281","20160","282143.375"
"2c:3a:e8:03:e2:03","1661180513880","82.29309845","'-0.89064306","8.46589756","'-0.720654726","ESP8266_1","'-72.65654755","'-31.48094177","17.6030674","20351","309230.5938"
"2c:3a:e8:03:e2:03","1661180513961","79.31325531","'-1.498770237","8.731653214","0.684741676","ESP8266_1","'-26.73284531","'-42.96186829","10.03054237","20516","334269.8125"
"2c:3a:e8:03:e2:03","1661180514129","65.21883392","'-1.750161409","8.892065048","3.713406801","ESP8266_1","'-31.31299973","'-21.40459824","'-7.068707943","20677","357934.0313"
"2c:3a:e8:03:e2:03","1661180514314","72.19013977","'-1.288080573","7.99423933","2.221819162","ESP8266_1","'-18.27482224","22.33589554","'-16.58016586","20853","381773.1563"
"2c:3a:e8:03:e2:03","1661180514489","86.66040802","0.14844051","8.865729332","0.495599747","ESP8266_1","'-13.55726242","41.25194168","'-34.30537033","21029","405432.4688"
"2c:3a:e8:03:e2:03","1661180516551","84.95211792","0","9.459490776","'-0.835576415","ESP8266_1","'-23.95421791","41.78629303","21.14505386","21293","430570.4688"
"2c:3a:e8:03:e2:03","1661180516552","59.01190186","'-2.803610086","11.46583176","6.289567947","ESP8266_1","'-70.96188354","'-8.442754745","'-10.70229912","21703","461103.2188"
"2c:3a:e8:03:e2:03","1661180516599","81.62337494","'-0.380678058","8.59278965","'-1.206677675","ESP8266_1","38.4885788","'-41.20614243","'-62.30539322","22111","479179.9688"
"2c:3a:e8:03:e2:03","1661180516660","75.95461273","1.817199111","8.604761124","1.15400517","ESP8266_1","'-20.45803261","58.93134308","'-14.12214851","22520","503744.6563"
"2c:3a:e8:03:e2:03","1661180516840","83.8704834","'-0.126892686","10.52251625","'-1.122880578","ESP8266_1","43.08400345","'-40.36644363","'-27.19086075","23374","521202"
"2c:3a:e8:03:e2:03","1661180517011","39.9119339","2.56658411","5.109226227","'-5.54257679","ESP8266_1","'-222.0765228","40.53438568","'-19.60307121","23558","555537.625"
"2c:3a:e8:03:e2:03","1661180517181","63.79291916","5.214571476","10.6446209","0.509964943","ESP8266_1","33.38933945","51.46569443","6.167943954","23723","582195.375"
"2c:3a:e8:03:e2:03","1661180517352","84.31026459","0.888248801","9.59835434","0.354341865","ESP8266_1","'-17.77100754","44.29011536","4.595423698","23896","607573.1875"
"2c:3a:e8:03:e2:03","1661180517529","81.83158112","0.098162271","9.615114212","1.37666595","ESP8266_1","'-44.18323517","46.83973312","'-33.51147842","24064","633945.3125"
"2c:3a:e8:03:e2:03","1661180517704","49.84977722","'-5.319916248","12.66532707","9.26556015","ESP8266_1","'-134.5649872","'-48.56492615","'-148.5039368","24246","666396.1875"
"2c:3a:e8:03:e2:03","1661180517872","51.16757584","2.626439333","8.283937454","'-6.129156113","ESP8266_1","'-179.6489868","'-68.16799164","278.1223755","24414","700901.5"
"2c:3a:e8:03:e2:03","1661180518043","54.66011429","'-0.268150598","6.358999729","'-4.50109911","ESP8266_1","'-34.06110001","'-91.22145081","62.97714996","24591","719316.5625"
"2c:3a:e8:03:e2:03","1661180518212","34.57843781","'-0.023942016","8.312667847","12.05959415","ESP8266_1","'-11.17558193","'-11.48092556","'-19.61833572","24754","747133.1875"
"2c:3a:e8:03:e2:03","1661180518382","74.89707184","'-3.387795448","15.32049656","2.370259762","ESP8266_1","81.74051666","'-2.717559338","'-139.6642303","24926","766815.875"
"2c:3a:e8:03:e2:03","1661180518559","82.49620819","1.161187768","10.47223854","'-0.74459672","ESP8266_1","'-32.74811935","24.91605186","'-31.45040512","25096","792361.125"
"2c:3a:e8:03:e2:03","1661180518722","83.14027405","'-0.093373865","9.366117477","1.122880578","ESP8266_1","'-47.22141266","14.83970642","'-67.7710495","25272","817449.4375"
"2c:3a:e8:03:e2:03","1661180518900","74.70031738","2.571372509","9.579200745","0.505176544","ESP8266_1","'-53.70996475","7.770998478","'-83.0993042","25434","843558.9375"
"2c:3a:e8:03:e2:03","1661180519070","69.50001526","'-3.320757866","9.059659004","'-0.66798228","ESP8266_1","'-112.2443695","17.64887047","'-91.28251648","25613","871756.5625"
"2c:3a:e8:03:e2:03","1661180519243","80.59433746","'-0.679953277","7.484274387","'-1.036689281","ESP8266_1","'-38.35117722","'-18.27482224","'-180.5039673","25783","895561.5625"
"2c:3a:e8:03:e2:03","1661180519413","79.40887451","1.419761658","8.413225174","0.677559078","ESP8266_1","15.83207321","'-7.358784199","'-152.7634735","25952","917456.5625"
"2c:3a:e8:03:e2:03","1661180519570","53.5931015","3.75650239","8.549694061","5.063736439","ESP8266_1","'-82.18327332","37.29774094","144.6566162","26120","944269.1875"
"2c:3a:e8:03:e2:03","1661180519729","72.42407227","0.210689753","8.913613319","2.815581083","ESP8266_1","'-15.19085217","'-14.580163","'-53.34355164","26282","970383.375"
"2c:3a:e8:03:e2:03","1661180519902","68.44870758","2.427720547","8.410830498","2.26730895","ESP8266_1","124.8856049","'-66.12219238","'-186.6108398","26447","993933.0625"
"2c:3a:e8:03:e2:03","1661180520079","81.12530518","0.229843363","9.059659004","1.395819545","ESP8266_1","'-31.41987228","17.51146317","'-5.832066059","26616","1020535.438"
"2c:3a:e8:03:e2:03","1661180520252","69.92558289","'-0.514753342","8.949525833","3.229778051","ESP8266_1","'-35.08399963","5.206110954","'-20.1679554","26796","1047158"
"2c:3a:e8:03:e2:03","1661180520422","80.03186035","1.754949808","10.01973438","'-0.146046311","ESP8266_1","'-32.24430084","4.122140884","'-10.30535126","26963","1073148.125"
"2c:3a:e8:03:e2:03","1661180520590","73.6760788","'-0.026336219","9.18894577","2.691082716","ESP8266_1","'-44.58018494","0.259542197","'-37.74048996","27138","1098880.125"
"2c:3a:e8:03:e2:03","1661180520770","74.76152802","0.201112941","10.23042393","2.779668093","ESP8266_1","'-1.603054762","'-3.81679678","'-36.80919266","27308","1123841.375"
"2c:3a:e8:03:e2:03","1661180520941","60.03940582","'-0.215478152","10.21605873","'-5.884947777","ESP8266_1","'-54.33591843","'-62.96188354","30.38170433","27485","1156203.125"
"2c:3a:e8:03:e2:03","1661180521112","84.86152649","0.600944638","6.775590897","0.10055647","ESP8266_1","'-29.41987228","'-46.53439331","'-31.32826805","27654","1173214"
"2c:3a:e8:03:e2:03","1661180521281","58.94135666","'-2.217030764","10.08198357","5.652710438","ESP8266_1","'-40.91606522","'-11.4351244","'-139.6947632","27828","1198877"
"2c:3a:e8:03:e2:03","1661180521470","53.49344254","0.268150598","9.30386734","6.880935669","ESP8266_1","'-19.67940521","'-20.36643028","28.09162521","27996","1228057.75"
"2c:3a:e8:03:e2:03","1661180521622","82.70667267","'-1.00317049","8.458714485","0.407014281","ESP8266_1","3.679392099","61.14508438","25.70994377","28164","1254298.875"
"2c:3a:e8:03:e2:03","1661180521803","77.54815674","2.085349798","9.536105156","'-0.292092621","ESP8266_1","'-13.40459061","37.89316177","5.007637501","28333","1278991.875"
"2c:3a:e8:03:e2:03","1661180521970","80.84411621","1.513135433","9.655815125","'-0.363918662","ESP8266_1","'-22.53437042","39.52675247","'-22.19849205","28511","1303916.25"
"2c:3a:e8:03:e2:03","1661180522141","82.08525085","0.201112941","9.734824181","1.33835876","ESP8266_1","'-42.10690689","34.29010391","'-61.54203415","28682","1331793"
"2c:3a:e8:03:e2:03","1661180522331","40.28127289","2.212242365","5.204994678","'-5.729324818","ESP8266_1","'-108.6260452","'-8.671762466","55.67943192","28854","1362770.25"
"2c:3a:e8:03:e2:03","1661180522512","62.55763626","1.209071875","8.441955566","'-4.213795185","ESP8266_1","'-51.5267601","'-130.2291107","61.41989899","29053","1386088.75"
"2c:3a:e8:03:e2:03","1661180522687","77.02976227","'-0.260968","12.76348972","2.928108692","ESP8266_1","24.5191021","'-28.90078735","'-64.77867889","29224","1404564.875"
"2c:3a:e8:03:e2:03","1661180522862","34.23130417","'-0.969651699","4.623203278","'-6.72531271","ESP8266_1","'-24.67177582","44.12217331","109.5573425","29409","1434104"
"2c:3a:e8:03:e2:03","1661180523030","66.78498077","3.335123062","9.327810287","2.209848166","ESP8266_1","'-26.10689163","56.65653992","'-33.51147842","29574","1458057.75"
"2c:3a:e8:03:e2:03","1661180523203","82.49549103","1.280897856","9.749189377","0.093373865","ESP8266_1","'-7.755731583","48.01530457","'-12.33588791","29743","1483060.75"
"2c:3a:e8:03:e2:03","1661180523373","74.86638641","0.208295554","10.07719517","2.717418909","ESP8266_1","'-34.3511734","42.4885788","'-32.07636261","29913","1511268.375"
"2c:3a:e8:03:e2:03","1661180523543","36.47036362","1.082179189","4.661510944","'-6.212953568","ESP8266_1","'-87.98480988","'-25.95421982","116.5497131","30085","1545689.125"
"2c:3a:e8:03:e2:03","1661180523711","53.82953262","0.196324542","9.222464561","'-6.739677906","ESP8266_1","'-87.31304932","'-124.900856","107.9390182","30257","1572082.875"
"2c:3a:e8:03:e2:03","1661180523886","70.59532166","'-3.366247654","10.699687","'-1.695094824","ESP8266_1","79.02297211","'-19.05344963","'-29.66414642","30424","1586296.75"
"2c:3a:e8:03:e2:03","1661180524053","39.54573059","2.485181332","6.107608318","6.967126846","ESP8266_1","'-267.5726929","77.92372894","13.34352207","30596","1619106.5"
"2c:3a:e8:03:e2:03","1661180524221","59.55839539","6.088454723","10.38365269","0.40940848","ESP8266_1","56.54966354","50.4427948","16.09161568","30769","1645478.75"
"2c:3a:e8:03:e2:03","1661180524391","70.32550812","2.00873518","9.821015358","2.880224705","ESP8266_1","'-0.503817201","49.14507675","'-34.04582977","30934","1671236.5"
"2c:3a:e8:03:e2:03","1661180524562","69.89012146","'-1.00317049","9.06205368","3.162740469","ESP8266_1","'-44.61072159","47.75576401","'-29.45040512","31112","1697068.75"
"2c:3a:e8:03:e2:03","1661180524899","36.92440414","7.529764175","7.716512203","'-6.981492043","ESP8266_1","98.88558197","'-99.45045471","171.4047241","31278","1730396"
"2c:3a:e8:03:e2:03","1661180524929","52.0053215","1.424550056","7.951143742","'-6.045359135","ESP8266_1","'-35.74048996","'-110.3512344","109.3741379","31459","1752381.75"
"2c:3a:e8:03:e2:03","1661180525082","69.79847717","'-1.520318031","13.20162773","4.61362648","ESP8266_1","'-64.25959778","'-22.24429131","27.0076561","31632","1775288"
"2c:3a:e8:03:e2:03","1661180525256","67.23661804","'-4.364629745","11.53526402","2.092532396","ESP8266_1","'-44.97713852","19.26718903","'-172.4581451","31797","1807553.5"
"2c:3a:e8:03:e2:03","1661180525423","49.97328568","'-4.211400986","9.057265282","6.335057735","ESP8266_1","'-48.3969841","39.09926987","'-18.58016777","31970","1835612.125"
"2c:3a:e8:03:e2:03","1661180525607","74.33721161","0.732625723","9.576807022","2.583343744","ESP8266_1","'-23.84734535","29.57254219","1.679390669","32138","1862030"
"2c:3a:e8:03:e2:03","1661180525784","71.16635895","0.919373453","9.13866806","2.978386879","ESP8266_1","'-25.17559433","21.26719284","74.70235443","32326","1889264.375"
"2c:3a:e8:03:e2:03","1661180525953","37.8411293","11.43470764","9.514557838","'-4.388571739","ESP8266_1","1.190840602","4.122140884","215.0688782","32496","1918203.5"
"2c:3a:e8:03:e2:03","1661180526131","54.50526428","3.289633036","7.026981831","'-3.780444384","ESP8266_1","'-30.90078735","52.16798019","390.7331543","32664","1937025.375"
"2c:3a:e8:03:e2:03","1661180526292","54.01931","1.628057122","8.693346024","'-6.098031521","ESP8266_1","68.87028503","'-34.01529312","'-300.5346069","32843","1961918.25"
"2c:3a:e8:03:e2:03","1661180526462","63.79375458","3.579331636","9.414001465","2.942473888","ESP8266_1","115.7558136","'-69.90844727","'-85.87792969","33007","1982072.75"
"2c:3a:e8:03:e2:03","1661180526634","83.64605713","1.031900883","9.282320023","'-0.059855044","ESP8266_1","'-26.77864647","14.96184349","42.73286057","33174","2007446"
"2c:3a:e8:03:e2:03","1661180526800","83.24395752","1.024718285","9.337387085","0.416591108","ESP8266_1","'-45.96950531","22.36643028","16.68703651","33343","2019846.125"
"2c:3a:e8:03:e2:03","1661180527011","55.47921753","'-0.117315881","10.19690514","7.012616634","ESP8266_1","'-25.37406731","'-31.83208847","13.22138596","33557","2049539.25"
"2c:3a:e8:03:e2:03","1661180527190","70.09752655","3.768473387","10.86488724","'-1.127668977","ESP8266_1","'-60.62600327","'-71.75577545","63.14509201","33732","2078930.25"
"2c:3a:e8:03:e2:03","1661180527360","70.29127502","'-0.574608386","6.710947514","'-2.334346771","ESP8266_1","'-9.984740257","'-75.60311127","30.9313221","33903","2097066"
"2c:3a:e8:03:e2:03","1661180527530","39.42071533","'-4.247313976","7.979874134","8.729259491","ESP8266_1","40.71758652","'-33.23666763","'-54.3817215","34075","2122808.25"
"2c:3a:e8:03:e2:03","1661180527701","51.12391281","'-0.234631762","6.54574728","'-5.272032261","ESP8266_1","'-14.62596798","52.58019638","24.29009628","34244","2150723"
"2c:3a:e8:03:e2:03","1661180527871","71.05400848","'-0.533906996","8.492233276","2.865859509","ESP8266_1","38.09163284","13.48092747","'-53.80156708","34414","2174627"
"2c:3a:e8:03:e2:03","1661180528048","81.99649048","0.950498104","9.057265282","0.847547412","ESP8266_1","'-18.90077782","43.58782196","'-2.625956297","34583","2199989.5"
"2c:3a:e8:03:e2:03","1661180528212","82.25210571","1.098938584","10.14662647","0.835576415","ESP8266_1","'-34.77865601","35.37407303","'-36.24430084","34761","2226791"
"2c:3a:e8:03:e2:03","1661180528387","68.74440765","1.544260144","11.45625496","4.180276394","ESP8266_1","'-28.18322945","15.60306549","'-54.96187973","34923","2253740.5"
"2c:3a:e8:03:e2:03","1661180528555","72.6807251","5.133168221","16.48647308","0.284909993","ESP8266_1","110.5497131","'-85.58785248","'-196.9619904","35093","2280034.25"
"2c:3a:e8:03:e2:03","1661180528722","59.08062363","0.641646028","7.041347027","'-4.168305397","ESP8266_1","'-41.70995712","'-107.4962692","68.88555145","35269","2300991.75"
"2c:3a:e8:03:e2:03","1661180528909","39.36023712","'-5.35104084","10.19211674","11.21444035","ESP8266_1","'-57.89318085","'-45.6794281","'-130.412323","35453","2328712.5"
"2c:3a:e8:03:e2:03","1661180529072","29.33497047","4.307168961","4.800374508","'-7.376535416","ESP8266_1","'-80.0306015","73.19090271","203.0383301","35622","2358274"
"2c:3a:e8:03:e2:03","1661180529241","67.01054382","3.591302633","9.639056206","1.956062794","ESP8266_1","'-22.25955963","48.07637024","'-41.38934708","35787","2382240.5"
"2c:3a:e8:03:e2:03","1661180529411","79.78071594","1.606509328","9.378087997","0.526724398","ESP8266_1","'-11.87787247","40.12216949","'-15.08398151","35954","2407575.5"
"2c:3a:e8:03:e2:03","1661180529571","79.57104492","0","9.911994934","1.824381709","ESP8266_1","'-44.21377563","44.12217331","'-46.09164047","36122","2434609"
"2c:3a:e8:03:e2:03","1661180529742","46.80194473","'-2.336740971","12.17451572","11.19049835","ESP8266_1","'-145.542099","'-58.9466095","'-186.8856506","36289","2469817"
"2c:3a:e8:03:e2:03","1661180529905","47.46656418","0.598550439","6.964732647","'-6.361393929","ESP8266_1","'-158.8703461","'-79.87792206","201.3283997","36454","2503461.25"
"2c:3a:e8:03:e2:03","1661180530062","50.19645309","1.04147768","5.729324818","'-4.659116745","ESP8266_1","'-30.41223717","'-91.08403778","77.63365173","36616","2520515.25"
"2c:3a:e8:03:e2:03","1661180530236","59.63614273","0.919373453","9.21528244","5.319916248","ESP8266_1","41.72521973","27.26719856","109.3741379","36781","2549532.75"
"2c:3a:e8:03:e2:03","1661180530409","64.87973022","1.45088625","8.7843256","3.854664803","ESP8266_1","62.38172913","21.12978745","'-74.53440094","36943","2573313.5"
"2c:3a:e8:03:e2:03","1661180530573","88.14528656","0.299275219","9.773131371","0.10295067","ESP8266_1","'-27.40460205","49.69469452","'-24.4427681","37121","2598938.25"
"2c:3a:e8:03:e2:03","1661180530749","77.36213684","1.419761658","9.658209801","1.63523972","ESP8266_1","'-37.08399963","42.19850922","'-24.15269279","37287","2624662.75"
"2c:3a:e8:03:e2:03","1661180530903","62.71185303","3.500322819","12.63659668","5.499481201","ESP8266_1","14.580163","7.068707943","'-34.51911545","37453","2652590.5"
"2c:3a:e8:03:e2:03","1661180531072","87.9773941","0.14844051","15.23430538","'-0.517147541","ESP8266_1","73.2061615","'-73.08402252","'-155.8016663","37613","2675666"
"2c:3a:e8:03:e2:03","1661180531249","48.54855347","2.851494312","7.757213593","'-6.229712963","ESP8266_1","'-22.93131638","'-105.6336746","68.41226959","37784","2696559.75"
"2c:3a:e8:03:e2:03","1661180531426","24.43655586","8.216899872","7.603984833","14.5782938","ESP8266_1","93.26725006","'-94.7939682","'-337.2979736","37963","2722968.75"
"2c:3a:e8:03:e2:03","1661180531598","73.83597565","2.509123325","9.344569206","'-1.019929886","ESP8266_1","101.3130646","46.24431229","'-214.1375732","38141","2744794.5"
"2c:3a:e8:03:e2:03","1661180531763","69.49098206","3.529053211","9.550470352","'-0.555454791","ESP8266_1","'-40.7023201","10.03054237","'-44.70232773","38304","2769101.25"
"2c:3a:e8:03:e2:03","1661180531922","68.66272736","2.085349798","8.432378769","2.549824715","ESP8266_1","'-65.66416931","'-0.610687494","'-88.7328949","38474","2793842.75"
"2c:3a:e8:03:e2:03","1661180532080","75.02775574","0.648828685","9.457097054","2.444479942","ESP8266_1","'-53.52676392","'-26.97711945","'-113.2214661","38635","2820232.25"
"2c:3a:e8:03:e2:03","1661180532241","78.26522827","'-1.879448295","9.071630478","0.136469498","ESP8266_1","'-115.9390335","'-20.27482605","'-119.8474197","38792","2847947.75"
"2c:3a:e8:03:e2:03","1661180532414","46.36865616","7.307103634","8.35097599","3.16034627","ESP8266_1","'-8.305350304","'-47.57255554","'-222.320816","38956","2869675.75"
"2c:3a:e8:03:e2:03","1661180532586","74.51828003","1.733402014","9.066842079","1.817199111","ESP8266_1","'-52.76339722","'-9.938939095","'-105.0993195","39125","2894220.75"
"2c:3a:e8:03:e2:03","1661180532738","51.33465195","0.658405483","8.135497093","6.476315498","ESP8266_1","'-42.65652847","'-1.786261082","'-139.1756744","39298","2916740.5"
"2c:3a:e8:03:e2:03","1661180532914","72.02107239","'-0.143652096","10.23521233","'-3.318363667","ESP8266_1","16.83970833","26.53437233","'-50.01530838","39456","2941542.5"
"2c:3a:e8:03:e2:03","1661180533072","61.5631218","3.004723072","8.365341187","3.390189648","ESP8266_1","7.022906303","4.412217617","'-34.47330856","39629","2966404.5"
"2c:3a:e8:03:e2:03","1661180533251","77.84832001","1.484405041","9.06205368","1.26653266","ESP8266_1","'-25.49620247","24.83971405","'-30.09162521","39782","2992181.5"
"2c:3a:e8:03:e2:03","1661180533412","81.02417755","1.496376038","9.670180321","0.306457818","ESP8266_1","'-23.48093414","24.12215614","'-35.23667145","39962","3017904.75"
"2c:3a:e8:03:e2:03","1661180533580","78.7064209","1.30005157","9.737217903","1.446097851","ESP8266_1","'-24.8702507","26.48857117","'-45.89316559","40123","3044682.25"
"2c:3a:e8:03:e2:03","1661180533741","48.35658646","'-5.382165432","10.86488724","8.0229702","ESP8266_1","'-97.12985229","'-68.01531982","'-175.9696198","40295","3075671.5"
"2c:3a:e8:03:e2:03","1661180533911","63.34736252","3.780444384","9.756371498","'-3.112462282","ESP8266_1","'-112.5649796","'-75.05349731","173.7558594","40453","3109337.75"
"2c:3a:e8:03:e2:03","1661180534081","54.6506958","1.721431017","6.485892296","'-4.266467571","ESP8266_1","'-43.28248215","'-89.41992188","32.82445526","40624","3126317.5"
"2c:3a:e8:03:e2:03","1661180534254","43.89526749","'-0.138863698","6.792350292","7.058106422","ESP8266_1","50.50386047","13.29771996","142.0917053","40795","3153586.75"
"2c:3a:e8:03:e2:03","1661180534450","78.40884399","'-1.304839969","16.0459404","3.021482468","ESP8266_1","55.25194931","64.94661713","'-139.4352264","40964","3175145.75"
"2c:3a:e8:03:e2:03","1661180534590","77.17760468","1.429338455","8.851364136","'-1.419761658","ESP8266_1","'-10.39695549","57.25195313","2.488551855","41134","3201338.75"
"2c:3a:e8:03:e2:03","1661180534763","76.90338898","2.22900176","9.844957352","'-0.526724398","ESP8266_1","'-37.55727768","39.95422745","'-43.29774857","41302","3226413.5"
"2c:3a:e8:03:e2:03","1661180534940","74.61875916","2.286462545","10.64940929","1.831564307","ESP8266_1","'-22.77864265","27.69467926","'-25.31299782","41474","3253647"
"2c:3a:e8:03:e2:03","1661180535103","51.85229111","3.339911461","7.812280178","'-5.147533417","ESP8266_1","49.2519455","'-89.06877136","129.4046936","41651","3280678.25"
"2c:3a:e8:03:e2:03","1661180535272","59.80770111","2.765302896","7.934384346","'-3.696647406","ESP8266_1","'-23.35879707","'-116.6565857","92.21381378","41814","3302210.5"
"2c:3a:e8:03:e2:03","1661180535461","70.10338593","'-0.70628953","13.26866627","4.750096321","ESP8266_1","0.595420301","'-41.95423126","'-68.93135071","42012","3324184"
"2c:3a:e8:03:e2:03","1661180535632","62.92635727","'-0.945709646","8.343792915","4.158728123","ESP8266_1","'-252.2597351","70.29013062","'-54.21378326","42174","3357131.75"
"2c:3a:e8:03:e2:03","1661180535803","74.92742157","'-2.123656988","8.24802494","0.651222885","ESP8266_1","34.0000267","42.09163666","12.32062054","42345","3384368.25"
"2c:3a:e8:03:e2:03","1661180535972","83.46916199","0.940921247","9.193734169","0.471657723","ESP8266_1","'-24.32062912","57.55730057","'-52.4580574","42518","3409702.25"
"2c:3a:e8:03:e2:03","1661180536143","77.65640259","0.531512797","9.54807663","2.020706177","ESP8266_1","'-35.45040894","33.70994949","'-73.87792206","42688","3436787.25"
"2c:3a:e8:03:e2:03","1661180536320","59.25997162","'-4.455609322","13.79778481","6.890512466","ESP8266_1","'-171.4810638","'-32.87025452","'-74.70235443","42856","3470286.25"
"2c:3a:e8:03:e2:03","1661180536481","52.52721024","2.60010314","9.028534889","'-6.414066315","ESP8266_1","'-137.6795044","'-60.39699554","227.3131561","43035","3505638"
"2c:3a:e8:03:e2:03","1661180536698","66.81816101","1.043871999","5.717353821","'-2.214636564","ESP8266_1","'-34.09162903","'-75.70998383","15.26718712","43198","3521808"
"2c:3a:e8:03:e2:03","1661180536829","49.38641357","'-0.256179571","7.10359621","6.086060524","ESP8266_1","57.66417313","2.488551855","30.85498428","43363","3547620.25"
"2c:3a:e8:03:e2:03","1661180537000","84.1581955","'-0.418985307","11.62624359","1.113303781","ESP8266_1","69.43516541","'-27.77101517","'-120.1222382","43541","3567289"
"2c:3a:e8:03:e2:03","1661180537161","70.74827576","3.399766445","9.792284966","0.37110126","ESP8266_1","1.633589149","31.11452675","5.236645699","43704","3592314.5"
"2c:3a:e8:03:e2:03","1661180537332","77.16299438","1.592144132","9.141061783","1.343147159","ESP8266_1","'-19.51146507","30.27483559","2.030535936","43874","3617471.25"
"2c:3a:e8:03:e2:03","1661180537519","68.43000031","0.33518824","9.172186852","3.610456228","ESP8266_1","'-34.1374321","35.02292633","'-15.40459251","44044","3644317.5"
"2c:3a:e8:03:e2:03","1661180537682","49.18897247","'-4.86980629","7.479485989","'-4.242525578","ESP8266_1","'-130.3207092","4.183209419","88.90083313","44224","3675800"
"2c:3a:e8:03:e2:03","1661180537864","52.19650269","5.477933407","7.836222172","'-2.63601613","ESP8266_1","'-69.43516541","'-55.60309982","170.9008942","44409","3701168"
"2c:3a:e8:03:e2:03","1661180538030","79.23815155","1.841141105","9.971850395","'-0.450109929","ESP8266_1","25.2213974","47.64889526","368.1376953","44574","3720904"
"2c:3a:e8:03:e2:03","1661180538209","81.47174072","0.107739076","9.670180321","'-1.446097851","ESP8266_1","0.473282814","0.13740468","'-89.00770569","44743","3742275.25"
"2c:3a:e8:03:e2:03","1661180538388","82.66439056","0.9648633","8.030152321","'-0.37110126","ESP8266_1","186.3818359","'-62.9924202","26.27482986","44925","3767400.25"
"2c:3a:e8:03:e2:03","1661180538552","82.13162231","1.106121182","9.449913979","0.694318473","ESP8266_1","'-18.70230484","3.587789059","28.48857307","45103","3792987.25"
"2c:3a:e8:03:e2:03","1661180538724","78.40504456","1.434126854","9.294290543","1.256955862","ESP8266_1","'-24.04581833","8.442754745","37.02293015","45266","3818468.25"
"2c:3a:e8:03:e2:03","1661180538903","83.88262939","0.881066203","10.0269165","'-0.615309834","ESP8266_1","'-35.5725441","11.48092556","42.35118103","45436","3844729"
"2c:3a:e8:03:e2:03","1661180539171","67.3899765","0.284909993","9.739612579","4.046200752","ESP8266_1","'-55.77103424","'-18.99238205","43.03820038","45615","3871584"
"2c:3a:e8:03:e2:03","1661180539311","66.32598114","3.205836058","7.740454197","'-1.113303781","ESP8266_1","'-13.0076437","'-9.618328094","132.1222382","45784","3896357.75"
"2c:3a:e8:03:e2:03","1661180539410","74.7401886","'-2.53067112","9.689333916","0.763750315","ESP8266_1","'-7.251914024","18.71757317","182.3360291","45953","3919708.5"
"2c:3a:e8:03:e2:03","1661180539600","65.52503967","'-2.779668093","8.66940403","2.801215887","ESP8266_1","'-97.37412262","29.19086266","'-29.0076561","46123","3947661.25"
"2c:3a:e8:03:e2:03","1661180539751","84.82363129","0.478840351","9.727641106","'-0.739808321","ESP8266_1","'-19.61833572","10.10687923","13.3282547","46294","3973401.75"
"2c:3a:e8:03:e2:03","1661180539921","85.56322479","0.644040287","9.533711433","'-0.363918662","ESP8266_1","'-24.25956154","0.076335937","5.129775047","46463","3998541.5"
"2c:3a:e8:03:e2:03","1661180540099","85.45192719","0.423773706","9.244012833","0.600944638","ESP8266_1","'-25.14505959","'-6.137409687","10.82443714","46633","4023988.75"
"2c:3a:e8:03:e2:03","1661180540280","80.56941223","1.434126854","9.208099365","0.531512797","ESP8266_1","'-36.27484131","0.442748427","'-6.396951675","46817","4050423.75"
"2c:3a:e8:03:e2:03","1661180540450","84.66880035","0.969651699","10.53209305","'-0.160411507","ESP8266_1","'-60.15272141","'-6.015272141","13.23665142","46994","4077232.5"
"2c:3a:e8:03:e2:03","1661180540621","63.48106384","'-4.587290287","11.40837097","3.371036053","ESP8266_1","'-164.9008789","'-43.06873703","'-168.9161682","47163","4109725"
"2c:3a:e8:03:e2:03","1661180540791","70.45032501","'-0.253785372","4.280832767","1.498770237","ESP8266_1","'-28.42750359","'-49.96950531","'-18.15268707","47334","4128123.75"
"2c:3a:e8:03:e2:03","1661180540987","63.78201675","'-1.426944256","11.38682365","5.422866821","ESP8266_1","'-38.00003052","'-7.801532745","18.77863884","47504","4158073"
"2c:3a:e8:03:e2:03","1661180541135","59.54973221","'-0.301669419","8.185775757","4.802768707","ESP8266_1","'-19.14505386","'-9.786267281","'-46.47332001","47674","4180874.25"
"2c:3a:e8:03:e2:03","1661180541302","56.06233597","0.282515794","7.508216381","5.044582844","ESP8266_1","'-23.17559242","'-5.603058338","'-14.82443905","47845","4203662.5"
"2c:3a:e8:03:e2:03","1661180541473","59.20716858","0.004788403","8.396465302","5.003881454","ESP8266_1","'-17.14505196","'-0.610687494","7.41985321","48014","4227817"
"2c:3a:e8:03:e2:03","1661180541644","61.35852432","'-0.193930343","8.901641846","4.857835293","ESP8266_1","'-25.92368317","10.48855782","2.320612669","48186","4252478.5"
"2c:3a:e8:03:e2:03","1661180541801","66.23869324","'-0.37349546","8.585607529","3.761290789","ESP8266_1","'-35.02292633","3.511453152","3.541987419","48361","4265098.5"
"2c:3a:e8:03:e2:03","1661180542010","64.89517975","'-0.20350714","8.432378769","3.945644379","ESP8266_1","'-29.40460587","'-1.374046922","9.603060722","48555","4289614.5"
"2c:3a:e8:03:e2:03","1661180542180","60.80719376","'-0.447715729","8.475474358","4.714183331","ESP8266_1","'-46.91606522","6.412219048","'-36.1985054","48725","4313801"
"2c:3a:e8:03:e2:03","1661180542351","64.80140686","'-0.395043284","8.827422142","4.134786129","ESP8266_1","'-46.73286438","'-9.343519211","'-38.93132782","48894","4337776.5"
"2c:3a:e8:03:e2:03","1661180542529","59.62631226","0.339976639","8.753201485","5.118803024","ESP8266_1","'-5.984737396","5.37405014","'-0.030534375","49070","4362299.5"